<?xml version="1.0" encoding="UTF-8"?>
<feature
      id="org.eclipse.jgit.java7"
      label="%featureName"
      version="3.6.2.201501210735-r"
      provider-name="%providerName">

   <description url="http://www.eclipse.org/jgit/">
      %description
   </description>

   <copyright>
      %copyright
   </copyright>

   <license url="%licenseURL">
      %license
   </license>

   <url>
      <update label="%updateSiteName" url="http://download.eclipse.org/egit/updates"/>
      <discovery label="%updateSiteName" url="http://download.eclipse.org/egit/updates"/>
   </url>

   <plugin
         id="org.eclipse.jgit.java7"
         download-size="22"
         install-size="43"
         version="3.6.2.201501210735-r"
         fragment="true"
         unpack="false"/>

</feature>
