<?xml version="1.0" encoding="UTF-8"?>
<config transient="false" date="1423762934481">
	<site enabled="true" updateable="true" policy="USER-EXCLUDE" url="platform:/base/">
		<feature id="org.eclipse.mylyn.monitor" plugin-identifier="org.eclipse.mylyn.commons.core" url="features/org.eclipse.mylyn.monitor_3.14.1.v20150126-2107/" version="3.14.1.v20150126-2107">
		</feature>
		<feature id="org.eclipse.ecf.discovery.feature" url="features/org.eclipse.ecf.discovery.feature_1.0.0.v20140818-1747/" version="1.0.0.v20140818-1747">
		</feature>
		<feature id="org.eclipse.mylyn.commons.notifications" plugin-identifier="org.eclipse.mylyn.commons.core" url="features/org.eclipse.mylyn.commons.notifications_1.6.1.v20150126-2107/" version="1.6.1.v20150126-2107">
		</feature>
		<feature id="org.eclipse.ecf.filetransfer.feature" url="features/org.eclipse.ecf.filetransfer.feature_3.9.0.v20140827-1444/" version="3.9.0.v20140827-1444">
		</feature>
		<feature id="org.eclipse.jgit.java7" url="features/org.eclipse.jgit.java7_3.6.2.201501210735-r/" version="3.6.2.201501210735-r">
		</feature>
		<feature id="org.eclipse.mylyn.commons.identity" plugin-identifier="org.eclipse.mylyn.commons.core" url="features/org.eclipse.mylyn.commons.identity_1.6.1.v20150126-2107/" version="1.6.1.v20150126-2107">
		</feature>
		<feature id="org.eclipse.mylyn.commons.repositories" plugin-identifier="org.eclipse.mylyn.commons.core" url="features/org.eclipse.mylyn.commons.repositories_1.6.1.v20150126-2107/" version="1.6.1.v20150126-2107">
		</feature>
		<feature id="org.eclipse.mylyn.github.feature" plugin-identifier="org.eclipse.egit" url="features/org.eclipse.mylyn.github.feature_3.6.0.201412130028/" version="3.6.0.201412130028">
		</feature>
		<feature id="org.eclipse.egit" url="features/org.eclipse.egit_3.6.2.201501210735-r/" version="3.6.2.201501210735-r">
		</feature>
		<feature id="org.eclipse.mylyn.hudson" plugin-identifier="org.eclipse.mylyn.builds.core" url="features/org.eclipse.mylyn.hudson_1.6.1.v20150126-2145/" version="1.6.1.v20150126-2145">
		</feature>
		<feature id="org.eclipse.mylyn.context_feature" plugin-identifier="org.eclipse.mylyn.context.core" url="features/org.eclipse.mylyn.context_feature_3.14.1.v20150126-2144/" version="3.14.1.v20150126-2144">
		</feature>
		<feature id="org.eclipse.ecf.core.ssl.feature" url="features/org.eclipse.ecf.core.ssl.feature_1.0.0.v20140827-1444/" version="1.0.0.v20140827-1444">
		</feature>
		<feature id="org.eclipse.egit.mylyn" plugin-identifier="org.eclipse.egit" url="features/org.eclipse.egit.mylyn_3.6.2.201501210735-r/" version="3.6.2.201501210735-r">
		</feature>
		<feature id="org.eclipse.equinox.p2.rcp.feature" url="features/org.eclipse.equinox.p2.rcp.feature_1.2.0.v20140523-0116/" version="1.2.0.v20140523-0116">
		</feature>
		<feature id="org.eclipse.mylyn.builds" plugin-identifier="org.eclipse.mylyn.builds.core" url="features/org.eclipse.mylyn.builds_1.6.1.v20150126-2145/" version="1.6.1.v20150126-2145">
		</feature>
		<feature id="org.eclipse.mylyn.wikitext_feature" plugin-identifier="org.eclipse.mylyn.wikitext.core" url="features/org.eclipse.mylyn.wikitext_feature_2.3.1.v20150203-1851/" version="2.3.1.v20150203-1851">
		</feature>
		<feature id="org.eclipse.mylyn.commons.repositories.http" plugin-identifier="org.eclipse.mylyn.commons.core" url="features/org.eclipse.mylyn.commons.repositories.http_1.6.1.v20150126-2107/" version="1.6.1.v20150126-2107">
		</feature>
		<feature id="org.eclipse.mylyn.versions" plugin-identifier="org.eclipse.mylyn.versions.core" url="features/org.eclipse.mylyn.versions_1.6.1.v20150126-2143/" version="1.6.1.v20150126-2143">
		</feature>
		<feature id="org.eclipse.e4.rcp" url="features/org.eclipse.e4.rcp_1.3.100.v20140909-1633/" version="1.3.100.v20140909-1633">
		</feature>
		<feature id="com.collabnet.desktop.gitclient.feature" plugin-identifier="com.collabnet.desktop" url="features/com.collabnet.desktop.gitclient.feature_4.4.1/" version="4.4.1">
		</feature>
		<feature id="org.eclipse.ecf.discovery.jmdns.feature" url="features/org.eclipse.ecf.discovery.jmdns.feature_1.0.0.v20140818-1747/" version="1.0.0.v20140818-1747">
		</feature>
		<feature id="org.eclipse.mylyn_feature" plugin-identifier="org.eclipse.mylyn.tasks.core" url="features/org.eclipse.mylyn_feature_3.14.1.v20150126-2142/" version="3.14.1.v20150126-2142">
		</feature>
		<feature id="com.collabnet.gerrit.workflow.feature" plugin-identifier="com.collabnet.gerrit.workflow" url="features/com.collabnet.gerrit.workflow.feature_1.0.9/" version="1.0.9">
		</feature>
		<feature id="org.eclipse.jgit" url="features/org.eclipse.jgit_3.6.2.201501210735-r/" version="3.6.2.201501210735-r">
		</feature>
		<feature id="org.eclipse.emf.ecore" url="features/org.eclipse.emf.ecore_2.10.1.v20140901-1043/" version="2.10.1.v20140901-1043">
		</feature>
		<feature id="com.collabnet.rcp.git.feature" plugin-identifier="com.collabnet.rcp.git.core" url="features/com.collabnet.rcp.git.feature_1.10.0.201502121740/" version="1.10.0.201502121740">
		</feature>
		<feature id="org.eclipse.emf.common" url="features/org.eclipse.emf.common_2.10.1.v20140901-1043/" version="2.10.1.v20140901-1043">
		</feature>
		<feature id="org.eclipse.mylyn.team_feature" plugin-identifier="org.eclipse.mylyn.context.core" url="features/org.eclipse.mylyn.team_feature_3.14.1.v20150126-2144/" version="3.14.1.v20150126-2144">
		</feature>
		<feature id="org.eclipse.ecf.core.feature" url="features/org.eclipse.ecf.core.feature_1.1.0.v20140827-1444/" version="1.1.0.v20140827-1444">
		</feature>
		<feature id="org.eclipse.ecf.filetransfer.ssl.feature" url="features/org.eclipse.ecf.filetransfer.ssl.feature_1.0.0.v20140827-1444/" version="1.0.0.v20140827-1444">
		</feature>
		<feature id="org.eclipse.mylyn.commons" plugin-identifier="org.eclipse.mylyn.commons.core" url="features/org.eclipse.mylyn.commons_3.14.1.v20150126-2107/" version="3.14.1.v20150126-2107">
		</feature>
		<feature id="org.eclipse.ecf.filetransfer.httpclient4.feature" url="features/org.eclipse.ecf.filetransfer.httpclient4.feature_3.9.1.v20140827-1444/" version="3.9.1.v20140827-1444">
		</feature>
		<feature id="org.eclipse.mylyn.discovery" plugin-identifier="org.eclipse.mylyn.commons.core" url="features/org.eclipse.mylyn.discovery_3.14.1.v20150126-2107/" version="3.14.1.v20150126-2107">
		</feature>
		<feature id="org.eclipse.ecf.filetransfer.httpclient4.ssl.feature" url="features/org.eclipse.ecf.filetransfer.httpclient4.ssl.feature_1.0.0.v20140827-1444/" version="1.0.0.v20140827-1444">
		</feature>
		<feature id="org.eclipse.equinox.p2.core.feature" url="features/org.eclipse.equinox.p2.core.feature_1.3.0.v20140523-0116/" version="1.3.0.v20140523-0116">
		</feature>
		<feature id="org.eclipse.help" plugin-identifier="org.eclipse.help.base" url="features/org.eclipse.help_2.0.102.v20140925-0400/" version="2.0.102.v20140925-0400">
		</feature>
	</site>
</config>
