<?xml version="1.0" encoding="UTF-8"?>
<!-- contextQualifierLength=14 -->
<feature
      id="org.eclipse.ecf.discovery.jmdns.feature"
      label="ECF Discovery Zeroconf Provider"
      version="1.0.0.v20140818-1747"
      provider-name="%providerName">

   <description url="http://www.eclipse.org/ecf">
      This feature provides the ECF Discovery Zeroconf Provider.  This provider can be used by OSGi Remote Services Discovery to publish and discover OSGi RS EndpointDescriptions.
   </description>

   <copyright>
      #################################################
# Copyright (c) 2010 Composent, Inc. and others. All rights reserved.
# This program and the accompanying materials are made available under the 
# terms of the Eclipse Public License v1.0 which accompanies this 
# distribution, and is available at 
# http://www.eclipse.org/legal/epl-v10.html
#
# Contributors: Composent, Inc. - initial API and implementation
#################################################
   </copyright>

   <license url="%licenseURL">
      %license
   </license>

   <requires>
      <import feature="org.eclipse.ecf.discovery.feature" version="1.0.0" match="compatible"/>
   </requires>

   <plugin
         id="org.eclipse.ecf.provider.jmdns"
         download-size="0"
         install-size="0"
         version="4.3.0.v20140818-1747"
         unpack="false"/>

</feature>
