<?xml version="1.0" encoding="UTF-8"?>
<!-- contextQualifierLength=14 -->
<feature
      id="org.eclipse.ecf.discovery.feature"
      label="ECF Discovery"
      version="1.0.0.v20140818-1747"
      provider-name="%providerName">

   <description url="http://www.eclipse.org/ecf">
      This feature provides the ECF Discovery API.  The ECF Discovery API gives a transport-independent network discovery API.
   </description>

   <copyright>
      #################################################
# Copyright (c) 2010 Composent, Inc. and others. All rights reserved.
# This program and the accompanying materials are made available under the 
# terms of the Eclipse Public License v1.0 which accompanies this 
# distribution, and is available at 
# http://www.eclipse.org/legal/epl-v10.html
#
# Contributors: Composent, Inc. - initial API and implementation
#################################################
   </copyright>

   <license url="%licenseURL">
      %license
   </license>

   <requires>
      <import plugin="org.eclipse.ecf"/>
      <import plugin="org.eclipse.ecf.identity"/>
   </requires>

   <plugin
         id="org.eclipse.ecf.discovery"
         download-size="0"
         install-size="0"
         version="5.0.0.v20140818-1747"
         unpack="false"/>

   <plugin
         id="org.eclipse.ecf.provider.discovery"
         download-size="0"
         install-size="0"
         version="2.3.0.v20140818-1747"
         unpack="false"/>

</feature>
